rms,centroid,rolloff,tempo,zcr,density,energy,loop_name,category,path,energy_norm
0.07079187780618668,10320.556609896355,17838.31163771609,198.76802884615384,0.3217539685837766,86.22328532057617,0.8714878711709868,SFX 2.wav,SFX,/content/drive/MyDrive/techno dataset/Berlin underground/SFX/SFX 2.wav,0.9999999866945014
0.04369262605905533,9810.677452837292,16450.679957613032,303.99816176470586,0.2840498254654255,86.16682949136336,0.8663901349396342,Ride 1.wav,Rides,/content/drive/MyDrive/techno dataset/Berlin underground/Rides/Ride 1.wav,0.993217194492475
0.056035950779914856,9278.244180853635,14468.938040226063,303.99816176470586,0.33583361037234044,86.16503845354397,0.8117263787808514,Ride 3.wav,Rides,/content/drive/MyDrive/techno dataset/Berlin underground/Rides/Ride 3.wav,0.9204843416769644
0.018095146864652634,8808.739749963986,15175.626474056604,287.109375,0.2687573702830189,86.37153098555115,0.7846330163506426,Clap 7.wav,Claps,/content/drive/MyDrive/techno dataset/Berlin underground/Claps/Clap 7.wav,0.8844352722315775
0.03376292809844017,9814.041271133796,16751.987591911766,120.18531976744185,0.2997153288398693,86.33007919955986,0.7766641306288496,Mid Tom 7.wav,Toms,/content/drive/MyDrive/techno dataset/Berlin underground/Toms/Mid Tom 7.wav,0.8738322724921666
0.039767056703567505,9985.578478722357,15435.674534073794,129.19921875,0.45514283697289154,86.94712337878285,0.7636791156899913,Ride 5.wav,Rides,/content/drive/MyDrive/techno dataset/Berlin underground/Rides/Ride 5.wav,0.8565550627517332
0.006305765826255083,9536.743141917124,16010.623753324468,120.18531976744185,0.2910364029255319,86.16503845354397,0.7404553091026045,Percussion 6.wav,Percussion,/content/drive/MyDrive/techno dataset/Berlin underground/Percussion/Percussion 6.wav,0.8256546302708435
0.026822179555892944,8049.069963376583,13242.32177734375,303.99816176470586,0.2886555989583333,87.99955656560059,0.729414511878207,Closed Hat 1.wav,Hats,/content/drive/MyDrive/techno dataset/Berlin underground/Hats/Closed Hat 1.wav,0.81096429912793
0.175122931599617,8553.344615535729,12975.15922214674,139.6748310810811,0.298286769701087,87.09802069468894,0.7201401957059119,Ride 6.wav,Rides,/content/drive/MyDrive/techno dataset/Berlin underground/Rides/Ride 6.wav,0.7986243590922566
0.01821017451584339,9236.303652247896,14857.012939453125,132.51201923076923,0.3457438151041667,87.99467908214167,0.7170417251700805,Closed Hat 3.wav,Hats,/content/drive/MyDrive/techno dataset/Berlin underground/Hats/Closed Hat 3.wav,0.7945016895709524
0.06313527375459671,8193.227649292596,12913.278652759309,198.76802884615384,0.2953841838430851,86.17399438727783,0.690149733828574,Ride 2.wav,Rides,/content/drive/MyDrive/techno dataset/Berlin underground/Rides/Ride 2.wav,0.758720554398383
0.013307202607393265,8017.228607421783,13817.21503075133,215.33203125,0.24857671210106383,86.16862060364181,0.6899792700613008,Clap 11.wav,Claps,/content/drive/MyDrive/techno dataset/Berlin underground/Claps/Clap 11.wav,0.7584937438576026
0.05430256575345993,7188.5091082596,12215.91796875,303.99816176470586,0.21221301020408162,87.82718257193952,0.6876075581184719,Snare 1.wav,Snares,/content/drive/MyDrive/techno dataset/Berlin underground/Snares/Snare 1.wav,0.7553380628766342
0.04562851041555405,7293.154349918398,12563.936793550532,287.109375,0.21400224401595744,86.16503845354397,0.6865781156591722,Clap 1.wav,Claps,/content/drive/MyDrive/techno dataset/Berlin underground/Claps/Clap 1.wav,0.7539683383619705
0.03859744966030121,7183.183063556259,12360.05859375,271.9983552631579,0.20941551695478725,86.16682949136336,0.6680086942540592,Percussion 9.wav,Percussion,/content/drive/MyDrive/techno dataset/Berlin underground/Percussion/Percussion 9.wav,0.7292607974091655
0.017397847026586533,6621.240488559953,12704.13169049202,303.99816176470586,0.19266850897606383,86.16324749017896,0.6613373718238261,Kick 13.wav,Kick,/content/drive/MyDrive/techno dataset/Berlin underground/Kick/Kick 13.wav,0.7203842703188296
0.05457831919193268,7406.6492618481125,12684.573063380281,215.33203125,0.23020053917253522,86.77734050218946,0.660938151888683,Snare 2.wav,Snares,/content/drive/MyDrive/techno dataset/Berlin underground/Snares/Snare 2.wav,0.7198530882921236
0.08724916726350784,7953.591891025041,12588.619800324135,109.95678191489361,0.33660953602892285,86.16660560756405,0.6399101497827717,Drumloop_017_TOP_110.wav,drum loop,/content/drive/MyDrive/techno dataset/Berlin underground/drum loop/Drumloop_017_TOP_110.wav,0.6918742831450543
0.026656851172447205,7714.0335923836265,13042.883890086207,139.6748310810811,0.22536705280172414,86.215265137726,0.6306340935256296,Low Tom 6.wav,Toms,/content/drive/MyDrive/techno dataset/Berlin underground/Toms/Low Tom 6.wav,0.6795320278397405
0.028588028624653816,6473.376828863267,11233.917885638299,287.109375,0.19077252327127658,86.16503845354397,0.622419887745,Percussion 2.wav,Percussion,/content/drive/MyDrive/techno dataset/Berlin underground/Percussion/Percussion 2.wav,0.6686026175316847
0.11466428637504578,6230.351440937367,11412.38654641544,215.33203125,0.08755074295343138,86.41244837191432,0.6154176401384784,SFX 4.wav,SFX,/content/drive/MyDrive/techno dataset/Berlin underground/SFX/SFX 4.wav,0.659285777996115
0.0932665690779686,7304.527319847812,11854.114224048371,109.95678191489361,0.3205027478806516,86.16660560756405,0.6032870775638947,Drumloop_010_TOP_110.wav,drum loop,/content/drive/MyDrive/techno dataset/Berlin underground/drum loop/Drumloop_010_TOP_110.wav,0.6431454597248323
0.03468794375658035,8054.614274571044,10792.258144946809,135.99917763157896,0.33836851728723405,86.16145660126372,0.599767964513772,Ride 4.wav,Rides,/content/drive/MyDrive/techno dataset/Berlin underground/Rides/Ride 4.wav,0.6384631043672488
0.11074244976043701,6984.610067412719,11736.082490961602,109.95678191489361,0.28866707010472076,86.16660560756405,0.5959198982088306,Drumloop_017_NOKICK_110.wav,drum loop,/content/drive/MyDrive/techno dataset/Berlin underground/drum loop/Drumloop_017_NOKICK_110.wav,0.6333430603042566
0.05253569781780243,7442.660358208053,11275.62255859375,135.99917763157896,0.3241916232638889,87.99955656560059,0.5936260825475875,Open Hat 3.wav,Hats,/content/drive/MyDrive/techno dataset/Berlin underground/Hats/Open Hat 3.wav,0.6302910242094355
0.14080344140529633,6663.791017614483,10251.952280896776,147.65625,0.2834303835605053,86.16660560756405,0.5850807103405972,Drumloop_004_NOKICK_110.wav,drum loop,/content/drive/MyDrive/techno dataset/Berlin underground/drum loop/Drumloop_004_NOKICK_110.wav,0.6189209804608973
0.23628894984722137,5621.516722774896,10620.937461041389,109.95678191489361,0.13892900182845744,86.16660560756405,0.5727195972212218,Drumloop_017_FULL_110.wav,drum loop,/content/drive/MyDrive/techno dataset/Berlin underground/drum loop/Drumloop_017_FULL_110.wav,0.6024739031957366
0.1163613349199295,6982.47978070779,10429.200322577293,109.95678191489361,0.3069834607712766,86.16660560756405,0.5719499231535066,Drumloop_004_TOP_110.wav,drum loop,/content/drive/MyDrive/techno dataset/Berlin underground/drum loop/Drumloop_004_TOP_110.wav,0.6014498134767564
0.11338907480239868,6406.661046653665,11221.146863572141,109.95678191489361,0.21865779795545212,86.16660560756405,0.5650067473993616,Drumloop_022_NOKICK_110.wav,drum loop,/content/drive/MyDrive/techno dataset/Berlin underground/drum loop/Drumloop_022_NOKICK_110.wav,0.5922115719857843
0.07480554282665253,5701.876431361079,9884.043518926057,246.09375,0.17311977332746478,86.77493556522462,0.5644703286852226,Snare 11.wav,Snares,/content/drive/MyDrive/techno dataset/Berlin underground/Snares/Snare 11.wav,0.5914978401436177
0.12520715594291687,6288.853516253735,11084.273577750997,109.95678191489361,0.24822089012632978,86.16660560756405,0.5625787317491485,Drumloop_010_NOKICK_110.wav,drum loop,/content/drive/MyDrive/techno dataset/Berlin underground/drum loop/Drumloop_010_NOKICK_110.wav,0.5889809761151358
0.08760813623666763,6806.357218042132,10450.275372444316,109.95678191489361,0.2934343053939495,86.16660560756405,0.5542655485775801,Drumloop_014_TOP_110.wav,drum loop,/content/drive/MyDrive/techno dataset/Berlin underground/drum loop/Drumloop_014_TOP_110.wav,0.5779198714539459
0.07959818094968796,6626.808198079087,10758.354803856382,109.95678191489361,0.2689059643035239,86.16660560756405,0.5504900668424154,Drumloop_022_TOP_110.wav,drum loop,/content/drive/MyDrive/techno dataset/Berlin underground/drum loop/Drumloop_022_TOP_110.wav,0.5728964047797249
0.060275543481111526,6617.519997818348,11108.698873316987,109.95678191489361,0.25539317029587766,86.16660560756405,0.5494195857344193,Drumloop_012_TOP_110.wav,drum loop,/content/drive/MyDrive/techno dataset/Berlin underground/drum loop/Drumloop_012_TOP_110.wav,0.5714720762970003
0.028400784358382225,6416.967834456155,10863.957741477272,156.60511363636363,0.18024680397727272,86.42847810336022,0.547578319183186,Mid Tom 4.wav,Toms,/content/drive/MyDrive/techno dataset/Berlin underground/Toms/Mid Tom 4.wav,0.5690221793547563
0.0853741392493248,6300.741047039651,10981.160460127161,109.95678191489361,0.2475462568567154,86.16660560756405,0.5450290451237069,Drumloop_008_TOP_110.wav,drum loop,/content/drive/MyDrive/techno dataset/Berlin underground/drum loop/Drumloop_008_TOP_110.wav,0.5656302431252752
0.23265449702739716,5242.668457009288,9819.283797893118,109.95678191489361,0.18366452480884307,86.16660560756405,0.5410259328641164,Drumloop_010_FULL_110.wav,drum loop,/content/drive/MyDrive/techno dataset/Berlin underground/drum loop/Drumloop_010_FULL_110.wav,0.5603039026898498
0.12886591255664825,6066.145786455257,10166.535332862368,109.95678191489361,0.21066608834773937,86.16660560756405,0.5373359296294257,Drumloop_013_NOKICK_110.wav,drum loop,/content/drive/MyDrive/techno dataset/Berlin underground/drum loop/Drumloop_013_NOKICK_110.wav,0.5553941694220161
0.11180610209703445,6163.263124718066,10278.639708174036,109.95678191489361,0.21497491065492022,86.16660560756405,0.5363959931366687,Drumloop_013_TOP_110.wav,drum loop,/content/drive/MyDrive/techno dataset/Berlin underground/drum loop/Drumloop_013_TOP_110.wav,0.5541435370581326
0.11955056339502335,5891.530310175569,10631.303178503158,109.95678191489361,0.21069271006482712,86.16660560756405,0.5363570665171032,Drumloop_008_NOKICK_110.wav,drum loop,/content/drive/MyDrive/techno dataset/Berlin underground/drum loop/Drumloop_008_NOKICK_110.wav,0.5540917432501249
0.0954960361123085,5963.7805172884655,9938.861798225566,147.65625,0.19755067216589095,86.16660560756405,0.5344455448077522,Drumloop_018_NOKICK_110.wav,drum loop,/content/drive/MyDrive/techno dataset/Berlin underground/drum loop/Drumloop_018_NOKICK_110.wav,0.551548368317454
0.1406073272228241,5927.994372224891,10007.269806557513,109.95678191489361,0.20438920690658244,86.16660560756405,0.5336665069361601,Drumloop_014_NOKICK_110.wav,drum loop,/content/drive/MyDrive/techno dataset/Berlin underground/drum loop/Drumloop_014_NOKICK_110.wav,0.5505118195905859
0.0683562159538269,5650.975002976054,9901.7578125,184.5703125,0.16034558354591838,87.04181100459196,0.5295743614931328,Snare 3.wav,Snares,/content/drive/MyDrive/techno dataset/Berlin underground/Snares/Snare 3.wav,0.5450670160658733
0.278936505317688,4539.985944107929,9565.638700444648,109.95678191489361,0.07190460854388298,86.16660560756405,0.5281152399974622,Drumloop_022_FULL_110.wav,drum loop,/content/drive/MyDrive/techno dataset/Berlin underground/drum loop/Drumloop_022_FULL_110.wav,0.5431255821717903
0.03495422378182411,6304.661612289936,10311.712646484375,139.6748310810811,0.24361165364583334,88.01663201663203,0.5264781684438302,Closed Hat 5.wav,Hats,/content/drive/MyDrive/techno dataset/Berlin underground/Hats/Closed Hat 5.wav,0.5409473768539391
0.30779600143432617,4505.831387267062,8898.567556827626,109.95678191489361,0.10436427339594415,86.16660560756405,0.5250368196902446,Drumloop_004_FULL_110.wav,drum loop,/content/drive/MyDrive/techno dataset/Berlin underground/drum loop/Drumloop_004_FULL_110.wav,0.5390295904792551
0.08081448078155518,6074.753522052001,10448.52866314827,109.95678191489361,0.22507103453291225,86.16660560756405,0.5240780136099843,Drumloop_009_TOP_110.wav,drum loop,/content/drive/MyDrive/techno dataset/Berlin underground/drum loop/Drumloop_009_TOP_110.wav,0.5377538511884603
0.20395509898662567,5010.528618622297,8835.313772647938,147.65625,0.1309483304936835,86.16660560756405,0.5200112632459452,Drumloop_018_FULL_110.wav,drum loop,/content/drive/MyDrive/techno dataset/Berlin underground/drum loop/Drumloop_018_FULL_110.wav,0.532342837082406
0.10446289926767349,5767.583185593981,10242.331062479223,109.95678191489361,0.2028685224817154,86.16660560756405,0.5178945413738749,Drumloop_009_NOKICK_110.wav,drum loop,/content/drive/MyDrive/techno dataset/Berlin underground/drum loop/Drumloop_009_NOKICK_110.wav,0.5295264331030406
0.04446475952863693,6886.8983458676275,9376.980021848516,107.666015625,0.2665891485699153,86.53385659172542,0.5174172000309611,Open Hat 2.wav,Hats,/content/drive/MyDrive/techno dataset/Berlin underground/Hats/Open Hat 2.wav,0.5288913066485749
0.12091334164142609,5860.703732446555,9671.901621717088,109.95678191489361,0.20988431889960107,86.16660560756405,0.5165581500151049,Drumloop_007_TOP_110.wav,drum loop,/content/drive/MyDrive/techno dataset/Berlin underground/drum loop/Drumloop_007_TOP_110.wav,0.5277482977747803
0.09953011572360992,5784.5544411570545,9992.437094830451,109.95678191489361,0.21142643056017288,86.16660560756405,0.5115599706868894,Drumloop_012_NOKICK_110.wav,drum loop,/content/drive/MyDrive/techno dataset/Berlin underground/drum loop/Drumloop_012_NOKICK_110.wav,0.5210979709957594
0.016455531120300293,5503.073073397344,11694.670024671053,126.04801829268293,0.0782906158625731,86.33397444703944,0.509864862340283,Cowbell 2.wav,Percussion,/content/drive/MyDrive/techno dataset/Berlin underground/Percussion/Cowbell 2.wav,0.5188425448314479
0.21940751373767853,5054.641105629008,8847.741179770612,109.95678191489361,0.15665516954787234,86.16660560756405,0.5092452615090183,Drumloop_013_FULL_110.wav,drum loop,/content/drive/MyDrive/techno dataset/Berlin underground/drum loop/Drumloop_013_FULL_110.wav,0.5180181350354242
0.18282514810562134,4950.434540837458,8805.218830514461,147.65625,0.1437254560754654,86.16660560756405,0.5087038561339424,Drumloop_018_STRIPPED_110.wav,drum loop,/content/drive/MyDrive/techno dataset/Berlin underground/drum loop/Drumloop_018_STRIPPED_110.wav,0.5172977681922725
0.13697338104248047,5599.558212036732,9428.450434258644,109.95678191489361,0.19777793072639627,86.16660560756405,0.5083201850109893,Drumloop_007_NOKICK_110.wav,drum loop,/content/drive/MyDrive/techno dataset/Berlin underground/drum loop/Drumloop_007_NOKICK_110.wav,0.516787274635367
0.05094994977116585,5827.908989365117,10698.823514897773,109.95678191489361,0.18579685941655585,86.16660560756405,0.5078814282650606,Drumloop_015_TOP_110.wav,drum loop,/content/drive/MyDrive/techno dataset/Berlin underground/drum loop/Drumloop_015_TOP_110.wav,0.5162034869108141
0.2733777165412903,4353.858131187628,8939.056851001496,109.95678191489361,0.09623750727227394,86.16660560756405,0.506380294513529,Drumloop_008_FULL_110.wav,drum loop,/content/drive/MyDrive/techno dataset/Berlin underground/drum loop/Drumloop_008_FULL_110.wav,0.5142061536157986
0.24949975311756134,4673.894242517622,8802.441276387965,109.95678191489361,0.10705826130319149,86.16660560756405,0.5060981518266414,Drumloop_014_FULL_110.wav,drum loop,/content/drive/MyDrive/techno dataset/Berlin underground/drum loop/Drumloop_014_FULL_110.wav,0.5138307487047502
0.014524821192026138,5400.252828406128,10227.749467329546,172.265625,0.14452237215909092,86.42847810336022,0.49900721138863113,Low Tom 2.wav,Toms,/content/drive/MyDrive/techno dataset/Berlin underground/Toms/Low Tom 2.wav,0.5043958989351284
0.018178733065724373,4772.247951599134,8003.02111037234,303.99816176470586,0.14425074800531915,86.16503845354397,0.498290294501057,Percussion 3.wav,Percussion,/content/drive/MyDrive/techno dataset/Berlin underground/Percussion/Percussion 3.wav,0.5034420052745203
0.23395919799804688,4698.440705406153,8651.307970412234,109.95678191489361,0.13110026907413563,86.16660560756405,0.497779756017641,Drumloop_007_FULL_110.wav,drum loop,/content/drive/MyDrive/techno dataset/Berlin underground/drum loop/Drumloop_007_FULL_110.wav,0.5027627083695824
0.019115038216114044,5352.0071750899,8915.261516165227,215.33203125,0.15470139523769946,86.16660560756405,0.4943175303006214,Drumloop_015_PERCUSSION_110.wav,drum loop,/content/drive/MyDrive/techno dataset/Berlin underground/drum loop/Drumloop_015_PERCUSSION_110.wav,0.4981560444447945
0.11083760857582092,5435.521639044837,9274.138690055684,109.95678191489361,0.18961090737200798,86.16660560756405,0.48862826965307027,Drumloop_001_NOKICK_110.wav,drum loop,/content/drive/MyDrive/techno dataset/Berlin underground/drum loop/Drumloop_001_NOKICK_110.wav,0.4905861995167319
0.08279390633106232,5380.169981195858,9928.639253656915,109.95678191489361,0.1765487346243351,86.16660560756405,0.4884251128578547,Drumloop_015_NOKICK_110.wav,drum loop,/content/drive/MyDrive/techno dataset/Berlin underground/drum loop/Drumloop_015_NOKICK_110.wav,0.4903158892723725
0.0711299329996109,5742.366515474591,9287.138788750832,109.95678191489361,0.19111665766289893,86.16660560756405,0.484511884262605,Drumloop_021_TOP_110.wav,drum loop,/content/drive/MyDrive/techno dataset/Berlin underground/drum loop/Drumloop_021_TOP_110.wav,0.4851091435334773
0.057024676352739334,4857.221141944577,8588.540974069148,215.33203125,0.16275349069148937,86.16503845354397,0.48439249847040033,Clap 9.wav,Claps,/content/drive/MyDrive/techno dataset/Berlin underground/Claps/Clap 9.wav,0.4849502947850038
0.09440666437149048,5531.68793477837,9125.55386157746,109.95678191489361,0.2002849173038564,86.16660560756405,0.48269043149178115,Drumloop_001_TOP_110.wav,drum loop,/content/drive/MyDrive/techno dataset/Berlin underground/drum loop/Drumloop_001_TOP_110.wav,0.4826856098138786
0.15007677674293518,4687.424402539377,7912.993995179521,172.265625,0.12482338763297872,86.16503845354397,0.4802018181959911,Kick 12.wav,Kick,/content/drive/MyDrive/techno dataset/Berlin underground/Kick/Kick 12.wav,0.47937438575471114
0.23071065545082092,4372.141271230041,8412.037431432846,109.95678191489361,0.1226897544049202,86.16660560756405,0.4794586994375587,Drumloop_009_FULL_110.wav,drum loop,/content/drive/MyDrive/techno dataset/Berlin underground/drum loop/Drumloop_009_FULL_110.wav,0.47838562919863936
0.19348295032978058,4652.8843432695185,8592.435276761968,109.95678191489361,0.13652980073969415,86.16660560756405,0.4787034394972054,Drumloop_012_FULL_110.wav,drum loop,/content/drive/MyDrive/techno dataset/Berlin underground/drum loop/Drumloop_012_FULL_110.wav,0.47738071819472655
0.09191551804542542,5481.890728600957,9019.004594518783,109.95678191489361,0.17829213243849734,86.16660560756405,0.47769559238852854,Drumloop_021_NOKICK_110.wav,drum loop,/content/drive/MyDrive/techno dataset/Berlin underground/drum loop/Drumloop_021_NOKICK_110.wav,0.4760397273706967
0.028507612645626068,5057.130116325961,7645.661569148936,246.09375,0.18410280917553193,86.16503845354397,0.4770055308034527,Percussion 7.wav,Percussion,/content/drive/MyDrive/techno dataset/Berlin underground/Percussion/Percussion 7.wav,0.47512156602892625
0.10961753875017166,5361.718549510555,8874.027722947141,107.666015625,0.16619158805684842,86.16660560756405,0.4762250233781573,Drumloop_005_NOKICK_110.wav,drum loop,/content/drive/MyDrive/techno dataset/Berlin underground/drum loop/Drumloop_005_NOKICK_110.wav,0.47408306198759176
0.097707100212574,5478.338142363844,8800.465490462931,109.95678191489361,0.1635722708194814,86.16660560756405,0.4755082211903793,Drumloop_005_TOP_110.wav,drum loop,/content/drive/MyDrive/techno dataset/Berlin underground/drum loop/Drumloop_005_TOP_110.wav,0.4731293209407808
0.032561395317316055,5049.269083306079,10060.358315325799,139.6748310810811,0.1556578291223404,86.20445849276327,0.47341673059796097,Ride 8.wav,Rides,/content/drive/MyDrive/techno dataset/Berlin underground/Rides/Ride 8.wav,0.47034648843689064
0.0808510035276413,4986.165248396426,8915.175612429355,147.65625,0.14518510534408244,86.16660560756405,0.47145323547450957,Drumloop_019_NOKICK_110.wav,drum loop,/content/drive/MyDrive/techno dataset/Berlin underground/drum loop/Drumloop_019_NOKICK_110.wav,0.46773396028563924
0.046620242297649384,5586.683038582399,9398.727741647273,109.95678191489361,0.1678960272606383,86.16660560756405,0.471101656656292,Drumloop_018_TOP_110.wav,drum loop,/content/drive/MyDrive/techno dataset/Berlin underground/drum loop/Drumloop_018_TOP_110.wav,0.46726616714013725
0.06002779304981232,4949.565642022878,8875.2685546875,139.6748310810811,0.17049153645833334,87.99467908214167,0.45696261543007344,Closed Hat 4.wav,Hats,/content/drive/MyDrive/techno dataset/Berlin underground/Hats/Closed Hat 4.wav,0.44845346789071394
0.028928732499480247,4932.515473291656,9313.677014802632,147.65625,0.14851459703947367,86.66914913423943,0.45664248854428185,Clap 10.wav,Claps,/content/drive/MyDrive/techno dataset/Berlin underground/Claps/Clap 10.wav,0.44802752310933197
0.04071013629436493,5431.5874673854105,8351.89208984375,135.99917763157896,0.18050130208333334,88.00443458980044,0.4550060151573634,Ride 7.wav,Rides,/content/drive/MyDrive/techno dataset/Berlin underground/Rides/Ride 7.wav,0.44585011368211475
0.21530628204345703,4315.50576225264,7598.929936835107,109.95678191489361,0.12181123774102394,86.16660560756405,0.4549109685960058,Drumloop_001_FULL_110.wav,drum loop,/content/drive/MyDrive/techno dataset/Berlin underground/drum loop/Drumloop_001_FULL_110.wav,0.44572364949370874
0.10971014201641083,4593.464483921479,8155.528876122008,147.65625,0.11262674534574468,86.16660560756405,0.45307767747606,Drumloop_002_TOP_110.wav,drum loop,/content/drive/MyDrive/techno dataset/Berlin underground/drum loop/Drumloop_002_TOP_110.wav,0.4432843642604057
0.13847114145755768,4611.127858993159,8469.392492416056,109.95678191489361,0.13482146567486702,86.16660560756405,0.4526719921010345,Drumloop_006_NOKICK_110.wav,drum loop,/content/drive/MyDrive/techno dataset/Berlin underground/drum loop/Drumloop_006_NOKICK_110.wav,0.44274457964360353
0.2429131716489792,3856.118868437661,7767.730777821643,109.95678191489361,0.08126506399601063,86.16660560756405,0.45210273273988366,Drumloop_015_FULL_110.wav,drum loop,/content/drive/MyDrive/techno dataset/Berlin underground/drum loop/Drumloop_015_FULL_110.wav,0.44198715168332636
0.03990469500422478,3633.6837717823632,7261.175537109375,303.99816176470586,0.0703125,87.99467908214167,0.44944761106806896,Rim Shot 2.wav,Percussion,/content/drive/MyDrive/techno dataset/Berlin underground/Percussion/Rim Shot 2.wav,0.43845437992862973
0.01450782548636198,5194.808463440089,8438.266705452128,147.65625,0.19579039228723405,86.16503845354397,0.44320190668259074,Closed Hat 2.wav,Hats,/content/drive/MyDrive/techno dataset/Berlin underground/Hats/Closed Hat 2.wav,0.43014415886590845
0.04474511370062828,5191.600784210307,7983.151726973684,135.99917763157896,0.16818290844298245,86.4824881304617,0.44024569824340104,Ride 9.wav,Rides,/content/drive/MyDrive/techno dataset/Berlin underground/Rides/Ride 9.wav,0.4262107761566229
0.28076568245887756,3537.995213166994,6868.23275951629,112.34714673913044,0.0498280626662234,86.16660560756405,0.4385193220372043,Drumloop_005_FULL_110.wav,drum loop,/content/drive/MyDrive/techno dataset/Berlin underground/drum loop/Drumloop_005_FULL_110.wav,0.42391374654627595
0.21646040678024292,3608.6190635700723,7174.450943317819,143.5546875,0.04399401076296543,86.16660560756405,0.4371737402123313,Synthloop_003_110_Am.wav,Synth loop,/content/drive/MyDrive/techno dataset/Berlin underground/Synth loop/Synthloop_003_110_Am.wav,0.42212338284467754
0.13914141058921814,4395.641508720678,7959.983338700964,109.95678191489361,0.10958083132480054,86.16660560756405,0.4346711785441788,Drumloop_002_NOKICK_110.wav,drum loop,/content/drive/MyDrive/techno dataset/Berlin underground/drum loop/Drumloop_002_NOKICK_110.wav,0.4187935997806898
0.23441770672798157,3668.1705183661384,7350.839947639628,109.95678191489361,0.0757913792386968,86.16660560756405,0.4333186670401622,Drumloop_006_FULL_110.wav,drum loop,/content/drive/MyDrive/techno dataset/Berlin underground/drum loop/Drumloop_006_FULL_110.wav,0.41699401579551354
0.2494344860315323,3841.152703310529,6704.500238946143,109.95678191489361,0.1026163304105718,86.16660560756405,0.4328854165231274,Drumloop_021_FULL_110.wav,drum loop,/content/drive/MyDrive/techno dataset/Berlin underground/drum loop/Drumloop_021_FULL_110.wav,0.4164175543830156
0.08264423161745071,4378.537128933466,8568.896484375,123.046875,0.09376992984693877,87.36556966119511,0.4301542021694853,Snare 8.wav,Snares,/content/drive/MyDrive/techno dataset/Berlin underground/Snares/Snare 8.wav,0.41278353752156827
0.294002890586853,3310.1143717776554,6624.982014108212,109.95678191489361,0.04118314702460106,86.16660560756405,0.42920847641601434,Drumloop_002_FULL_110.wav,drum loop,/content/drive/MyDrive/techno dataset/Berlin underground/drum loop/Drumloop_002_FULL_110.wav,0.4115252022576827
0.15597252547740936,2863.2520972125812,5781.89411569149,287.109375,0.07142411901595745,86.16862060364181,0.42895353365026534,Kick 3.wav,Kick,/content/drive/MyDrive/techno dataset/Berlin underground/Kick/Kick 3.wav,0.4111859881977535
0.2862444221973419,3291.4133690314015,6746.363992893949,109.95678191489361,0.03207007874833777,86.16660560756405,0.42783144103294013,Drumloop_019_FULL_110.wav,drum loop,/content/drive/MyDrive/techno dataset/Berlin underground/drum loop/Drumloop_019_FULL_110.wav,0.4096929880287892
0.07088411599397659,4793.956231612214,7623.967044454225,132.51201923076923,0.18657157790492956,86.77974557246196,0.4268623555875178,Open Hat 1.wav,Hats,/content/drive/MyDrive/techno dataset/Berlin underground/Hats/Open Hat 1.wav,0.40840357153017126
0.02416403591632843,4493.219992996699,7725.074800531915,184.5703125,0.16919118461879432,86.16623247048389,0.42494801636454593,SFX 3.wav,SFX,/content/drive/MyDrive/techno dataset/Berlin underground/SFX/SFX 3.wav,0.4058564477551616
0.05677466094493866,4674.144742597617,8537.428251225898,109.95678191489361,0.12150151678856383,86.16660560756405,0.42371724820735085,Drumloop_019_TOP_110.wav,drum loop,/content/drive/MyDrive/techno dataset/Berlin underground/drum loop/Drumloop_019_TOP_110.wav,0.40421884936241176
0.2473876029253006,3450.9800712064507,6572.494831491024,109.95678191489361,0.07935089760638298,86.16660560756405,0.4147950814276295,Drumloop_003_FULL_110.wav,drum loop,/content/drive/MyDrive/techno dataset/Berlin underground/drum loop/Drumloop_003_FULL_110.wav,0.3923474616498671
0.15216681361198425,3689.972439448764,6804.034034242021,147.65625,0.09542327231549202,86.16660560756405,0.4091494976089628,Drumloop_020_NOKICK_110.wav,drum loop,/content/drive/MyDrive/techno dataset/Berlin underground/drum loop/Drumloop_020_NOKICK_110.wav,0.3848357309201314
0.11697328835725784,4150.368222684982,7531.867753698471,109.95678191489361,0.11065154379986702,86.16660560756405,0.4080438697250063,Drumloop_006_TOP_110.wav,drum loop,/content/drive/MyDrive/techno dataset/Berlin underground/drum loop/Drumloop_006_TOP_110.wav,0.3833646378997588
0.026963546872138977,3750.9836281452303,7900.495729608051,191.40625,0.07104078389830508,86.53097874887759,0.40516034439646276,Rim Shot 1.wav,Percussion,/content/drive/MyDrive/techno dataset/Berlin underground/Percussion/Rim Shot 1.wav,0.3795279636927842
0.14483849704265594,4073.0550637329975,7237.8192658120015,87.5926906779661,0.12479871384640957,86.16660560756405,0.3992276943622729,Drumloop_003_NOKICK_110.wav,drum loop,/content/drive/MyDrive/techno dataset/Berlin underground/drum loop/Drumloop_003_NOKICK_110.wav,0.37163427705168905
0.0775136724114418,3996.7012241600823,7385.888671875,139.6748310810811,0.13557942708333334,87.99467908214167,0.3984369538486204,Snare 9.wav,Snares,/content/drive/MyDrive/techno dataset/Berlin underground/Snares/Snare 9.wav,0.3705821573761275
0.16842560470104218,3485.8494364922135,6741.725191156915,120.18531976744185,0.06656208444148937,86.16862060364181,0.3930167594557341,Kick 14.wav,Kick,/content/drive/MyDrive/techno dataset/Berlin underground/Kick/Kick 14.wav,0.36337031851411933
0.08584575355052948,3846.795401457777,6923.583399995844,147.65625,0.12914130028257978,86.16660560756405,0.3908929219747953,Drumloop_016_NOKICK_110.wav,drum loop,/content/drive/MyDrive/techno dataset/Berlin underground/drum loop/Drumloop_016_NOKICK_110.wav,0.36054444686240755
0.03422508388757706,4210.354157968145,7090.427024147727,151.99908088235293,0.1510239109848485,86.42847810336022,0.38938639540296727,Open Hat 4.wav,Hats,/content/drive/MyDrive/techno dataset/Berlin underground/Hats/Open Hat 4.wav,0.35853993815113017
0.06245170161128044,4004.842819776921,7107.87109375,135.99917763157896,0.1404079861111111,87.03947368421053,0.3853192970769362,Snare 5.wav,Snares,/content/drive/MyDrive/techno dataset/Berlin underground/Snares/Snare 5.wav,0.353128461064298
0.040391601622104645,3418.8024932362196,5892.76720412234,246.09375,0.09507978723404255,86.16503845354397,0.3852639532276469,Percussion 4.wav,Percussion,/content/drive/MyDrive/techno dataset/Berlin underground/Percussion/Percussion 4.wav,0.3530548233136665
0.2047109752893448,3614.7663417394288,5633.266335345329,109.95678191489361,0.1117777722947141,86.16660560756405,0.3850818455953199,Synthloop_012_110_Am.wav,Synth loop,/content/drive/MyDrive/techno dataset/Berlin underground/Synth loop/Synthloop_012_110_Am.wav,0.3528125200299305
0.2277783751487732,2805.580116766722,6640.816936087101,109.95678191489361,0.005896385679853723,86.16660560756405,0.3841153341174502, Bassloop_016_110_Am.wav,bass loop,/content/drive/MyDrive/techno dataset/Berlin underground/bass loop/ Bassloop_016_110_Am.wav,0.3515265283234658
0.12058401852846146,3396.183224125267,7119.701628989362,126.04801829268293,0.05829247007978723,86.16862060364181,0.3810085200422108,Kick 17.wav,Kick,/content/drive/MyDrive/techno dataset/Berlin underground/Kick/Kick 17.wav,0.34739275730701447
0.24429276585578918,2968.17848724604,5696.104918134974,109.95678191489361,0.06509724069148937,86.16660560756405,0.37792428893418845,Drumloop_020_FULL_110.wav,drum loop,/content/drive/MyDrive/techno dataset/Berlin underground/drum loop/Drumloop_020_FULL_110.wav,0.3432890340543128
0.06988363713026047,3782.181295977318,6567.626953125,151.99908088235293,0.136993408203125,87.09319070150174,0.37713733295493007,Snare 12.wav,Snares,/content/drive/MyDrive/techno dataset/Berlin underground/Snares/Snare 12.wav,0.34224194989043966
0.20511913299560547,3183.838522751641,6031.759448761635,109.95678191489361,0.08636929126496011,86.16660560756405,0.3770551777341083,Drumloop_016_FULL_110.wav,drum loop,/content/drive/MyDrive/techno dataset/Berlin underground/drum loop/Drumloop_016_FULL_110.wav,0.34213263827331075
0.19579212367534637,3065.9857858869213,6277.386864195479,114.84375,0.050687749335106384,86.16660560756405,0.3762609287248077,Drumloop_003_STRIPPED_110.wav,drum loop,/content/drive/MyDrive/techno dataset/Berlin underground/drum loop/Drumloop_003_STRIPPED_110.wav,0.34107585036937443
0.04677872359752655,3829.5443565160763,7205.376288231383,132.51201923076923,0.11915101396276596,87.38564020405582,0.3726829381883758,Snare 4.wav,Snares,/content/drive/MyDrive/techno dataset/Berlin underground/Snares/Snare 4.wav,0.3363151555809359
0.12314380705356598,3821.888727557366,6707.392331387135,87.5926906779661,0.11794394635139628,86.16660560756405,0.37052254207155333,Drumloop_003_TOP_110.wav,drum loop,/content/drive/MyDrive/techno dataset/Berlin underground/drum loop/Drumloop_003_TOP_110.wav,0.3334406408415605
0.05542934685945511,3785.7943207950448,6616.992966672207,147.65625,0.12856536215924202,86.16660560756405,0.37030701010704037,Drumloop_016_TOP_110.wav,drum loop,/content/drive/MyDrive/techno dataset/Berlin underground/drum loop/Drumloop_016_TOP_110.wav,0.33315386481749026
0.022666335105895996,2990.0114895599513,5085.043010305851,287.109375,0.08554271941489362,86.16503845354397,0.3664475126069736,Percussion 5.wav,Percussion,/content/drive/MyDrive/techno dataset/Berlin underground/Percussion/Percussion 5.wav,0.32801861097948476
0.05044981837272644,3944.4514318924703,6627.015069190492,126.04801829268293,0.1075906956449468,86.16660560756405,0.3636611665752095,Padloop_010_110_Am.wav,Pad loop,/content/drive/MyDrive/techno dataset/Berlin underground/Pad loop/Padloop_010_110_Am.wav,0.3243112386717218
0.04808584600687027,3661.504440088137,6542.199447307181,147.65625,0.09101900141289894,86.16660560756405,0.3612128688521969,Drumloop_009_PERCUSSION_110.wav,drum loop,/content/drive/MyDrive/techno dataset/Berlin underground/drum loop/Drumloop_009_PERCUSSION_110.wav,0.3210536564920563
0.04218626394867897,3515.4134458877497,6071.776012073864,178.20581896551724,0.0936922940340909,86.42745153933866,0.3592409395244981,SFX 6.wav,SFX,/content/drive/MyDrive/techno dataset/Berlin underground/SFX/SFX 6.wav,0.31842990621156886
0.09974635392427444,3376.751568642537,6206.34765625,135.99917763157896,0.08690049913194445,88.24412206103051,0.3586532673345944,Clap 4.wav,Claps,/content/drive/MyDrive/techno dataset/Berlin underground/Claps/Clap 4.wav,0.31764797906466957
0.1547643542289734,2106.7620301391016,6214.390791223404,184.5703125,0.0030127992021276597,86.16862060364181,0.35748228989627373,Kick 10.wav,Kick,/content/drive/MyDrive/techno dataset/Berlin underground/Kick/Kick 10.wav,0.3160899352042318
0.12830162048339844,3400.634698737187,6159.383765687334,109.95678191489361,0.08230071372174202,86.16660560756405,0.35701051566719744,Drumloop_020_TOP_110.wav,drum loop,/content/drive/MyDrive/techno dataset/Berlin underground/drum loop/Drumloop_020_TOP_110.wav,0.31546221607227376
0.2686842679977417,2115.742103773048,4795.490151263298,147.65625,0.008226110580119681,86.16660560756405,0.356551964115852, Bassloop_001_110_Am.wav,bass loop,/content/drive/MyDrive/techno dataset/Berlin underground/bass loop/ Bassloop_001_110_Am.wav,0.3148520903722495
0.008920956403017044,3708.132140926418,5513.515717128537,198.76802884615384,0.11407816185141509,86.36993514771908,0.35227766661159515,Clave 1.wav,Percussion,/content/drive/MyDrive/techno dataset/Berlin underground/Percussion/Clave 1.wav,0.30916492444893107
0.18051667511463165,2673.6008378535107,5290.782457716921,147.65625,0.03249797415226064,86.16660560756405,0.35211047561969777,Synthloop_001_110_Am.wav,Synth loop,/content/drive/MyDrive/techno dataset/Berlin underground/Synth loop/Synthloop_001_110_Am.wav,0.3089424684989515
0.021208543330430984,3726.5594859252706,6314.125028569648,147.65625,0.11807705493683511,86.16660560756405,0.34834002362576305,Drumloop_017_PERCUSSION_110.wav,drum loop,/content/drive/MyDrive/techno dataset/Berlin underground/drum loop/Drumloop_017_PERCUSSION_110.wav,0.30392569414619347
0.21413208544254303,2527.6239703177603,5528.277652821643,109.95678191489361,0.03334532392785904,86.16660560756405,0.3459826770778129,Drumloop_017_STRIPPED_110.wav,drum loop,/content/drive/MyDrive/techno dataset/Berlin underground/drum loop/Drumloop_017_STRIPPED_110.wav,0.300789127039294
0.19151026010513306,2571.7920670096983,5700.9441619223735,117.45383522727273,0.029408556349734043,86.16660560756405,0.3457921074070007,Padloop_013_110_Am.wav,Pad loop,/content/drive/MyDrive/techno dataset/Berlin underground/Pad loop/Padloop_013_110_Am.wav,0.30053556459148084
0.1705697625875473,2985.409538288608,5478.023967337101,109.95678191489361,0.07358112741023937,86.16660560756405,0.34471963302503056,Padloop_015_110_Am.wav,Pad loop,/content/drive/MyDrive/techno dataset/Berlin underground/Pad loop/Padloop_015_110_Am.wav,0.2991085839583597
0.2057502269744873,1882.935325066125,4529.30310837766,198.76802884615384,0.020320811170212765,86.16862060364181,0.34288024207040474,Kick 9.wav,Kick,/content/drive/MyDrive/techno dataset/Berlin underground/Kick/Kick 9.wav,0.2966611825909093
0.06950342655181885,3360.621753820781,6003.640292553191,135.99917763157896,0.09460189494680851,86.16145660126372,0.34189708105586014,Snare 7.wav,Snares,/content/drive/MyDrive/techno dataset/Berlin underground/Snares/Snare 7.wav,0.2953530378458407
0.16095155477523804,2948.510345815001,5493.572543529754,109.95678191489361,0.07863730572639628,86.16660560756405,0.33979960170619966,Drumloop_020_STRIPPED_110.wav,drum loop,/content/drive/MyDrive/techno dataset/Berlin underground/drum loop/Drumloop_020_STRIPPED_110.wav,0.29256223700187206
0.29125720262527466,2062.6961499155263,4431.916906478557,109.95678191489361,0.01633696860455452,86.16660560756405,0.3374707157589601, Bassloop_010_110_Am.wav,bass loop,/content/drive/MyDrive/techno dataset/Berlin underground/bass loop/ Bassloop_010_110_Am.wav,0.2894635381431133
0.2757992148399353,2144.265786150471,4550.864946081283,109.95678191489361,0.022168098612034573,86.16660560756405,0.3367253427956893,Drumloop_022_STRIPPED_110.wav,drum loop,/content/drive/MyDrive/techno dataset/Berlin underground/drum loop/Drumloop_022_STRIPPED_110.wav,0.2884717822551212
0.05897121876478195,3090.718263154962,5910.43359375,143.5546875,0.07306640625,86.84521465143759,0.3294764379992239,Clap 3.wav,Claps,/content/drive/MyDrive/techno dataset/Berlin underground/Claps/Clap 3.wav,0.27882675303130605
0.055364884436130524,3307.587652688921,5610.2607421875,139.6748310810811,0.118408203125,87.82411279722787,0.3282231211345773,Clap 6.wav,Claps,/content/drive/MyDrive/techno dataset/Berlin underground/Claps/Clap 6.wav,0.2771591524591326
0.2964484691619873,1740.6203254530883,3797.021484375,135.99917763157896,0.006693522135416667,88.17795551112222,0.32779266837257526,Kick 1.wav,Kick,/content/drive/MyDrive/techno dataset/Berlin underground/Kick/Kick 1.wav,0.27658641359918695
0.1817886233329773,2300.376444250694,4620.733317923038,147.65625,0.02705610559341755,86.16660560756405,0.32522235735105276,Synthloop_001V2_110_Am.wav,Synth loop,/content/drive/MyDrive/techno dataset/Berlin underground/Synth loop/Synthloop_001V2_110_Am.wav,0.2731664866429154
0.22491832077503204,2236.944412689991,4762.560385846077,109.95678191489361,0.02482182928856383,86.16660560756405,0.3240823424602559,Drumloop_014_STRIPPED_110.wav,drum loop,/content/drive/MyDrive/techno dataset/Berlin underground/drum loop/Drumloop_014_STRIPPED_110.wav,0.2716496399955871
0.19760136306285858,2514.8339005916787,4635.394222178357,109.95678191489361,0.06078776907413564,86.16660560756405,0.3210330918983454,Drumloop_010_STRIPPED_110.wav,drum loop,/content/drive/MyDrive/techno dataset/Berlin underground/drum loop/Drumloop_010_STRIPPED_110.wav,0.26759246010343263
0.08110459893941879,2810.565621335542,5349.769689681682,147.65625,0.05419402426861702,86.16660560756405,0.318661569169484,Drumloop_007_PERCUSSION_110.wav,drum loop,/content/drive/MyDrive/techno dataset/Berlin underground/drum loop/Drumloop_007_PERCUSSION_110.wav,0.2644370308810812
0.1739465594291687,2651.535248063551,4720.209844061669,109.95678191489361,0.07116244701628989,86.16660560756405,0.31839378341273084,Drumloop_012_STRIPPED_110.wav,drum loop,/content/drive/MyDrive/techno dataset/Berlin underground/drum loop/Drumloop_012_STRIPPED_110.wav,0.26408072858133724
0.17936162650585175,2558.290762485911,4707.553360310007,109.95678191489361,0.061022170046542555,86.16660560756405,0.31681001235920936,Padloop_006_110_Am.wav,Pad loop,/content/drive/MyDrive/techno dataset/Berlin underground/Pad loop/Padloop_006_110_Am.wav,0.2619734422361647
0.18276628851890564,2450.6756125440347,4787.529738405918,109.95678191489361,0.04606595952460106,86.16660560756405,0.3157358366035288,Drumloop_016_STRIPPED_110.wav,drum loop,/content/drive/MyDrive/techno dataset/Berlin underground/drum loop/Drumloop_016_STRIPPED_110.wav,0.2605441978405003
0.1570374071598053,2492.5771406707986,5172.435744265293,109.95678191489361,0.027130776263297872,86.16660560756405,0.3147137114818297,Synthloop_009_110_Am.wav,Synth loop,/content/drive/MyDrive/techno dataset/Berlin underground/Synth loop/Synthloop_009_110_Am.wav,0.2591842094083181
0.06474777311086655,2872.363736439999,5614.453125,129.19921875,0.05249521683673469,86.97874738367412,0.31050142123584656,Snare 10.wav,Snares,/content/drive/MyDrive/techno dataset/Berlin underground/Snares/Snare 10.wav,0.2535795472334873
0.21844404935836792,2162.5737128433225,4294.700005713929,109.95678191489361,0.0352289727393617,86.16660560756405,0.30934652504669724,Drumloop_021_STRIPPED_110.wav,drum loop,/content/drive/MyDrive/techno dataset/Berlin underground/drum loop/Drumloop_021_STRIPPED_110.wav,0.25204290027679815
0.09726711362600327,3017.854965138134,5069.379895798704,109.95678191489361,0.0830850804105718,86.16660560756405,0.3084423955165022,Drumloop_011_NOKICK_110.wav,drum loop,/content/drive/MyDrive/techno dataset/Berlin underground/drum loop/Drumloop_011_NOKICK_110.wav,0.2508399108617492
0.18580642342567444,2082.33775002705,4742.888430331615,117.45383522727273,0.02796773707613032,86.16660560756405,0.3059949212165528,Drumloop_009_STRIPPED_110.wav,drum loop,/content/drive/MyDrive/techno dataset/Berlin underground/drum loop/Drumloop_009_STRIPPED_110.wav,0.24758342428752095
0.03929395228624344,3165.8841209821203,5150.226603763204,132.51201923076923,0.1039488886443662,86.44432787609398,0.3036987771419756,Clap 12.wav,Claps,/content/drive/MyDrive/techno dataset/Berlin underground/Claps/Clap 12.wav,0.24452829012267632
0.3049827814102173,1603.2332372346839,3327.5241608315328,109.95678191489361,0.01731028455369016,86.16660560756405,0.303643233134465, Bassloop_011_110_Am.wav,bass loop,/content/drive/MyDrive/techno dataset/Berlin underground/bass loop/ Bassloop_011_110_Am.wav,0.2444543860515526
0.41221705079078674,629.1061985774976,878.7379488031914,191.40625,0.021879155585106384,86.16503845354397,0.3017561867390347,SFX 7.wav,SFX,/content/drive/MyDrive/techno dataset/Berlin underground/SFX/SFX 7.wav,0.24194357674426314
0.24367670714855194,1997.9162266223389,3659.0123602684507,109.95678191489361,0.0370061346825133,86.16660560756405,0.30055117952057436,Drumloop_011_FULL_110.wav,drum loop,/content/drive/MyDrive/techno dataset/Berlin underground/drum loop/Drumloop_011_FULL_110.wav,0.24034025456480435
0.039189375936985016,2720.1866181229198,5587.26806640625,135.99917763157896,0.025472005208333332,87.99955656560059,0.297427698698318,Mid Tom 3.wav,Toms,/content/drive/MyDrive/techno dataset/Berlin underground/Toms/Mid Tom 3.wav,0.23618430761053083
0.047811441123485565,3387.929905956037,4786.556162732712,109.95678191489361,0.14599479512965424,86.16660560756405,0.2968814621348467,Drumloop_012_PERCUSSION_110.wav,drum loop,/content/drive/MyDrive/techno dataset/Berlin underground/drum loop/Drumloop_012_PERCUSSION_110.wav,0.2354575126303614
0.16909055411815643,2159.393801352586,4654.407582384475,109.95678191489361,0.0358204943068484,86.16660560756405,0.29668003180312086,Drumloop_006_STRIPPED_110.wav,drum loop,/content/drive/MyDrive/techno dataset/Berlin underground/drum loop/Drumloop_006_STRIPPED_110.wav,0.23518949953174745
0.04486636072397232,2836.3832502183977,5110.259765625,139.6748310810811,0.077265625,87.82411279722787,0.2963535270258194,Clap 5.wav,Claps,/content/drive/MyDrive/techno dataset/Berlin underground/Claps/Clap 5.wav,0.23475506864774368
0.15506307780742645,2351.7872796220227,4413.361699530419,114.84375,0.0404922810006649,86.16660560756405,0.2959063630994048,Drumloop_001_STRIPPED_110.wav,drum loop,/content/drive/MyDrive/techno dataset/Berlin underground/drum loop/Drumloop_001_STRIPPED_110.wav,0.23416009475041677
0.30229681730270386,1164.6385011120067,2620.536414613115,147.65625,0.012248262445977393,86.16660560756405,0.29083152400504414, Bassloop_008V2_110_Am.wav,bass loop,/content/drive/MyDrive/techno dataset/Berlin underground/bass loop/ Bassloop_008V2_110_Am.wav,0.22740776833068846
0.03834489732980728,3223.5265320797134,4970.361522918052,109.95678191489361,0.10428830410571809,86.16660560756405,0.29060582530072004,Drumloop_022_PERCUSSION_110.wav,drum loop,/content/drive/MyDrive/techno dataset/Berlin underground/drum loop/Drumloop_022_PERCUSSION_110.wav,0.22710746495243958
0.050830353051424026,2553.756406317913,5135.6403107338765,139.6748310810811,0.04907616148603723,86.16660560756405,0.28864822821270947,Padloop_003_110_Am.wav,Pad loop,/content/drive/MyDrive/techno dataset/Berlin underground/Pad loop/Padloop_003_110_Am.wav,0.22450278443138708
0.10541903972625732,2550.300468089485,4517.333854512965,109.95678191489361,0.0675516331449468,86.16660560756405,0.28312895149156475,Drumloop_006_PERCUSSION_110.wav,drum loop,/content/drive/MyDrive/techno dataset/Berlin underground/drum loop/Drumloop_006_PERCUSSION_110.wav,0.21715911159190923
0.15322589874267578,2194.463825008556,4067.427355177859,114.84375,0.04863463056848404,86.16660560756405,0.28235317503844837,Drumloop_013_STRIPPED_110.wav,drum loop,/content/drive/MyDrive/techno dataset/Berlin underground/drum loop/Drumloop_013_STRIPPED_110.wav,0.21612690234492013
0.024618905037641525,2272.4733736572134,3887.859912628823,215.33203125,0.03675809819647606,86.16660560756405,0.2804885274047786,Drumloop_004_PERCUSSION_110.wav,drum loop,/content/drive/MyDrive/techno dataset/Berlin underground/drum loop/Drumloop_004_PERCUSSION_110.wav,0.21364589570683706
0.26730120182037354,1555.4980618804,2889.7444055435503,114.84375,0.0296513983543883,86.16660560756405,0.2804684211595354,Drumloop_005_STRIPPED_110.wav,drum loop,/content/drive/MyDrive/techno dataset/Berlin underground/drum loop/Drumloop_005_STRIPPED_110.wav,0.2136191433451498
0.20593518018722534,1777.3947906968544,3811.2337802318816,109.95678191489361,0.025076683531416222,86.16660560756405,0.2802294432881066,Synthloop_013_110_Am.wav,Synth loop,/content/drive/MyDrive/techno dataset/Berlin underground/Synth loop/Synthloop_013_110_Am.wav,0.21330117137303897
0.27944183349609375,1212.9136560073516,2442.9590752784243,147.65625,0.009825036880817819,86.16660560756405,0.27994830200428167, Bassloop_002_110_Am.wav,bass loop,/content/drive/MyDrive/techno dataset/Berlin underground/bass loop/ Bassloop_002_110_Am.wav,0.2129270988786899
0.05437065660953522,2740.006602543362,4963.603762362865,109.95678191489361,0.05425700735538564,86.16660560756405,0.2787489764438943,Drumloop_005_PERCUSSION_110.wav,drum loop,/content/drive/MyDrive/techno dataset/Berlin underground/drum loop/Drumloop_005_PERCUSSION_110.wav,0.21133133642855467
0.23916345834732056,1535.1057995372453,3557.1877986826794,107.666015625,0.011939515458776596,86.16660560756405,0.2782086146077285,Drumloop_008_STRIPPED_110.wav,drum loop,/content/drive/MyDrive/techno dataset/Berlin underground/drum loop/Drumloop_008_STRIPPED_110.wav,0.2106123580659481
0.0702466368675232,2580.225323974978,4863.196612418966,109.95678191489361,0.0549693006150266,86.16660560756405,0.2770994276018971,Synthloop_014_110_Am.wav,Synth loop,/content/drive/MyDrive/techno dataset/Berlin underground/Synth loop/Synthloop_014_110_Am.wav,0.20913652945648198
0.22204890847206116,571.5074757049246,723.4239943484042,303.99816176470586,0.0031478557180851063,86.16862060364181,0.2767186544970801,Kick 7.wav,Kick,/content/drive/MyDrive/techno dataset/Berlin underground/Kick/Kick 7.wav,0.2086298918571865
0.06835014373064041,2783.1151596077307,4483.716859208776,109.95678191489361,0.08753025785405585,86.16660560756405,0.27635960411916843,Drumloop_011_TOP_110.wav,drum loop,/content/drive/MyDrive/techno dataset/Berlin underground/drum loop/Drumloop_011_TOP_110.wav,0.20815215742901902
0.27718713879585266,1426.0476320516677,2793.4463176321474,109.95678191489361,0.010577912026263297,86.16660560756405,0.2751989590303684,Drumloop_019_STRIPPED_110.wav,drum loop,/content/drive/MyDrive/techno dataset/Berlin underground/drum loop/Drumloop_019_STRIPPED_110.wav,0.2066078612747348
0.0363018773496151,2561.861635789881,4470.646939212329,139.6748310810811,0.06635942851027397,87.10934329085154,0.2698409166067537,Clap 8.wav,Claps,/content/drive/MyDrive/techno dataset/Berlin underground/Claps/Clap 8.wav,0.19947871870641137
0.10293851047754288,2284.780481430522,4206.877753075133,117.45383522727273,0.043871291140292555,86.16660560756405,0.26971914491980076,Padloop_008_110_Am.wav,Pad loop,/content/drive/MyDrive/techno dataset/Berlin underground/Pad loop/Padloop_008_110_Am.wav,0.19931669540602717
0.06782643496990204,2181.8484594818015,3842.81772045379,166.70866935483872,0.052549321600731384,86.16660560756405,0.26916058030502354,Drumloop_008_PERCUSSION_110.wav,drum loop,/content/drive/MyDrive/techno dataset/Berlin underground/drum loop/Drumloop_008_PERCUSSION_110.wav,0.1985734973389837
0.22661805152893066,1524.235615094695,3164.063668758311,114.84375,0.01859624335106383,86.16660560756405,0.26850920455278954,Drumloop_015_STRIPPED_110.wav,drum loop,/content/drive/MyDrive/techno dataset/Berlin underground/drum loop/Drumloop_015_STRIPPED_110.wav,0.19770680942648067
0.25409698486328125,1480.9167354656006,2771.0540771484375,109.95678191489361,0.024608530896775265,86.16660560756405,0.2675726440256881,Synthloop_006_110_Am.wav,Synth loop,/content/drive/MyDrive/techno dataset/Berlin underground/Synth loop/Synthloop_006_110_Am.wav,0.1964606689532095
0.27188774943351746,1243.0193805625277,2546.7880573678526,109.95678191489361,0.013088469809674203,86.16660560756405,0.26128247864930565, Bassloop_012_110_Am.wav,bass loop,/content/drive/MyDrive/techno dataset/Berlin underground/bass loop/ Bassloop_012_110_Am.wav,0.1880912903254999
0.08699838817119598,2049.1959356212224,3674.790013090093,147.65625,0.05531148707613032,86.16660560756405,0.2589681281160761,Drumloop_002_PERCUSSION_110.wav,drum loop,/content/drive/MyDrive/techno dataset/Berlin underground/drum loop/Drumloop_002_PERCUSSION_110.wav,0.1850119315597405
0.27584949135780334,930.8785895657301,1896.310652063248,147.65625,0.00734369805518617,86.16660560756405,0.25700208169310124, Bassloop_008_110_Am.wav,bass loop,/content/drive/MyDrive/techno dataset/Berlin underground/bass loop/ Bassloop_008_110_Am.wav,0.18239600877727877
0.2884271442890167,1274.3462422275577,1919.3471705659906,109.95678191489361,0.02209732380319149,86.16660560756405,0.25652417616790674, Bassloop_007_110_Am.wav,bass loop,/content/drive/MyDrive/techno dataset/Berlin underground/bass loop/ Bassloop_007_110_Am.wav,0.18176013165016142
0.2918151021003723,1043.7073049348608,2321.777538543052,107.666015625,0.007055404338430851,86.16660560756405,0.25613362335856726,Drumloop_004_STRIPPED_110.wav,drum loop,/content/drive/MyDrive/techno dataset/Berlin underground/drum loop/Drumloop_004_STRIPPED_110.wav,0.18124048166643433
0.2381860613822937,1387.4902972780565,2623.2566995823636,109.95678191489361,0.019837724401595744,86.16660560756405,0.2547488356499387,Synthloop_011_110_Am.wav,Synth loop,/content/drive/MyDrive/techno dataset/Berlin underground/Synth loop/Synthloop_011_110_Am.wav,0.17939795258190078
0.0269304271787405,2456.6644541219107,4163.294592569041,135.99917763157896,0.0399169921875,86.59991551450526,0.25416256856823816,Cowbell 3.wav,Percussion,/content/drive/MyDrive/techno dataset/Berlin underground/Percussion/Cowbell 3.wav,0.17861789500151704
0.2630462944507599,1316.662218553043,2259.869579558677,107.666015625,0.013104377908909575,86.16660560756405,0.25362375037971663,Drumloop_002_STRIPPED_110.wav,drum loop,/content/drive/MyDrive/techno dataset/Berlin underground/drum loop/Drumloop_002_STRIPPED_110.wav,0.1779009705390593
0.08400809019804001,2037.2820548951443,3936.7001953125,129.19921875,0.035859375,86.85889860553061,0.25333492641903393,Clap 2.wav,Claps,/content/drive/MyDrive/techno dataset/Berlin underground/Claps/Clap 2.wav,0.17751667586013334
0.19384333491325378,408.15766645300505,365.14814660904256,303.99816176470586,0.0029296875,86.16862060364181,0.252145290271823,Kick 15.wav,Kick,/content/drive/MyDrive/techno dataset/Berlin underground/Kick/Kick 15.wav,0.17593380565729227
0.24668745696544647,1226.6712563224646,2546.014923745013,109.95678191489361,0.008613424098238032,86.16660560756405,0.2505738443306181, Bassloop_014_110_Am.wav,bass loop,/content/drive/MyDrive/techno dataset/Berlin underground/bass loop/ Bassloop_014_110_Am.wav,0.17384291848852199
0.20178267359733582,1434.1961715253726,2474.2853042927195,129.19921875,0.0305292657081117,86.16660560756405,0.2485807413319902,Padloop_004_110_Am.wav,Pad loop,/content/drive/MyDrive/techno dataset/Berlin underground/Pad loop/Padloop_004_110_Am.wav,0.17119099558325596
0.020075472071766853,2387.740447134623,4279.267909163135,129.19921875,0.0729194253177966,86.53385659172542,0.24775542315451782,Low Tom 5.wav,Toms,/content/drive/MyDrive/techno dataset/Berlin underground/Toms/Low Tom 5.wav,0.1700928686021224
0.2072381228208542,1501.7959855307126,2676.2449873254654,109.95678191489361,0.025683463887965427,86.16660560756405,0.2477158892896995,Padloop_007_110_Am.wav,Pad loop,/content/drive/MyDrive/techno dataset/Berlin underground/Pad loop/Padloop_007_110_Am.wav,0.17004026682403187
0.040446870028972626,2187.279470099423,4237.29641154661,126.04801829268293,0.057882018008474576,86.5281010974393,0.2459716655175911,Snare 6.wav,Snares,/content/drive/MyDrive/techno dataset/Berlin underground/Snares/Snare 6.wav,0.16771949013745407
0.03821111470460892,2138.350778736547,3814.5267567736037,147.65625,0.0525090643700133,86.16660560756405,0.24559126021993616,Drumloop_016_PERCUSSION_110.wav,drum loop,/content/drive/MyDrive/techno dataset/Berlin underground/drum loop/Drumloop_016_PERCUSSION_110.wav,0.16721334192392465
0.21193301677703857,1367.2502830708763,2682.4014217295544,105.46875,0.014654930601728724,86.16660560756405,0.2424274957605644,Drumloop_011_STRIPPED_110.wav,drum loop,/content/drive/MyDrive/techno dataset/Berlin underground/drum loop/Drumloop_011_STRIPPED_110.wav,0.1630037955821397
0.022785069420933723,2301.957209625588,3721.8938949260305,143.5546875,0.05297526907413564,86.16660560756405,0.24165264477785364,Drumloop_021_PERCUSSION_110.wav,drum loop,/content/drive/MyDrive/techno dataset/Berlin underground/drum loop/Drumloop_021_PERCUSSION_110.wav,0.16197281771966435
0.15749114751815796,1599.4498288098303,2635.01119410738,129.19921875,0.04870280813663564,86.16660560756405,0.24027566084477942,Synthloop_004_110_Am.wav,Synth loop,/content/drive/MyDrive/techno dataset/Berlin underground/Synth loop/Synthloop_004_110_Am.wav,0.16014067194756085
0.11533936113119125,1213.603295792755,1895.2082207862368,215.33203125,0.023325169340093085,86.16660560756405,0.23721604808542956,Drumloop_020_PERCUSSION_110.wav,drum loop,/content/drive/MyDrive/techno dataset/Berlin underground/drum loop/Drumloop_020_PERCUSSION_110.wav,0.15606970463510886
0.13943634927272797,1437.418466444612,3361.7281649975066,120.18531976744185,0.033806983460771274,86.16660560756405,0.2370049553844352,Padloop_009_110_Am.wav,Pad loop,/content/drive/MyDrive/techno dataset/Berlin underground/Pad loop/Padloop_009_110_Am.wav,0.15578883527246837
0.02264571189880371,2209.238405208615,3546.278024227061,147.65625,0.048166477933843085,86.16660560756405,0.2366584104393858,Drumloop_010_PERCUSSION_110.wav,drum loop,/content/drive/MyDrive/techno dataset/Berlin underground/drum loop/Drumloop_010_PERCUSSION_110.wav,0.15532773994617896
0.26783984899520874,483.4449151611822,600.1807679521277,198.76802884615384,0.0037088597074468087,86.16862060364181,0.23665275369874733,Kick 5.wav,Kick,/content/drive/MyDrive/techno dataset/Berlin underground/Kick/Kick 5.wav,0.15532021337074428
0.13710080087184906,1515.462560303994,2653.179834244099,143.5546875,0.028805347199135637,86.16660560756405,0.23651110679502138,Synthloop_007_110_Am.wav,Synth loop,/content/drive/MyDrive/techno dataset/Berlin underground/Synth loop/Synthloop_007_110_Am.wav,0.1551317451035702
0.2501688301563263,1019.7394080514587,2094.991675843584,109.95678191489361,0.006509983793218085,86.16660560756405,0.23518598433877871, Bassloop_003_110_Am.wav,bass loop,/content/drive/MyDrive/techno dataset/Berlin underground/bass loop/ Bassloop_003_110_Am.wav,0.1533686036119305
0.23619510233402252,341.02249565943583,412.7960854388298,224.69429347826087,0.003210189494680851,86.16862060364181,0.2278694529687449,Kick 8.wav,Kick,/content/drive/MyDrive/techno dataset/Berlin underground/Kick/Kick 8.wav,0.14363359386047864
0.10604081302881241,1760.4784099513088,3177.1496711893283,109.95678191489361,0.03294664748171543,86.16660560756405,0.22695564996593243,Synthloop_008_110_Am.wav,Synth loop,/content/drive/MyDrive/techno dataset/Berlin underground/Synth loop/Synthloop_008_110_Am.wav,0.14241773340784394
0.05119573324918747,2381.7474555260806,3925.543018097573,73.828125,0.07134035800365691,86.16660560756405,0.22521874574385448,Drumloop_011_PERCUSSION_110.wav,drum loop,/content/drive/MyDrive/techno dataset/Berlin underground/drum loop/Drumloop_011_PERCUSSION_110.wav,0.14010669574749582
0.0346599780023098,2368.8909802628727,4415.308850876829,63.02400914634146,0.06965604741522606,86.16660560756405,0.22251558455148898,Drumloop_013_PERCUSSION_110.wav,drum loop,/content/drive/MyDrive/techno dataset/Berlin underground/drum loop/Drumloop_013_PERCUSSION_110.wav,0.1365100050157095
0.24963916838169098,838.6269248690451,1744.1608185463763,109.95678191489361,0.004447125374002659,86.16660560756405,0.22116578436363993, Bassloop_005_110_Am.wav,bass loop,/content/drive/MyDrive/techno dataset/Berlin underground/bass loop/ Bassloop_005_110_Am.wav,0.13471402857186612
0.16665931046009064,1023.4981021007825,2075.8924119015956,139.6748310810811,0.015282164228723404,86.16862060364181,0.21640016679138807,Kick 6.wav,Kick,/content/drive/MyDrive/techno dataset/Berlin underground/Kick/Kick 6.wav,0.12837313680345597
0.08892158418893814,1847.039230427075,3368.3427526595747,87.5926906779661,0.04068058095079787,86.16660560756405,0.21599580520876513,Drumloop_003_PERCUSSION_110.wav,drum loop,/content/drive/MyDrive/techno dataset/Berlin underground/drum loop/Drumloop_003_PERCUSSION_110.wav,0.1278351135584427
0.18448059260845184,995.0698782446569,1839.4853307845744,135.99917763157896,0.00899684175531915,86.16862060364181,0.21589665290903637,Kick 11.wav,Kick,/content/drive/MyDrive/techno dataset/Berlin underground/Kick/Kick 11.wav,0.12770318648044346
0.272484689950943,450.3667905469132,736.4527276221742,147.65625,0.003982868600398936,86.16660560756405,0.21443981017832991, Bassloop_009_110_Am.wav,bass loop,/content/drive/MyDrive/techno dataset/Berlin underground/bass loop/ Bassloop_009_110_Am.wav,0.1257647845967523
0.23098865151405334,665.3539377298464,923.1788148271277,151.99908088235293,0.0033868018617021277,86.16862060364181,0.2118093500082096,Kick 2.wav,Kick,/content/drive/MyDrive/techno dataset/Berlin underground/Kick/Kick 2.wav,0.12226482619955234
0.028627851977944374,1969.8157918328504,3493.7049378740026,112.34714673913044,0.046747085895944146,86.16660560756405,0.2113669051119549,Padloop_012_110_Am.wav,Pad loop,/content/drive/MyDrive/techno dataset/Berlin underground/Pad loop/Padloop_012_110_Am.wav,0.1216761312071191
0.19139616191387177,1057.5168399861263,1908.208319481383,109.95678191489361,0.012710246633976064,86.16660560756405,0.2093579036121029,Drumloop_007_STRIPPED_110.wav,drum loop,/content/drive/MyDrive/techno dataset/Berlin underground/drum loop/Drumloop_007_STRIPPED_110.wav,0.11900305455335904
0.20314788818359375,692.2717956190294,1286.437079247008,147.65625,0.013223850980718085,86.16660560756405,0.20677621419409126, Bassloop_015_110_Am.wav,bass loop,/content/drive/MyDrive/techno dataset/Berlin underground/bass loop/ Bassloop_015_110_Am.wav,0.11556798807329181
0.10867992043495178,1306.3600545834788,1789.4034527717752,156.60511363636363,0.0580210584275266,86.16660560756405,0.2065510960944785,Padloop_011_110_Am.wav,Pad loop,/content/drive/MyDrive/techno dataset/Berlin underground/Pad loop/Padloop_011_110_Am.wav,0.11526845721855725
0.2713874280452728,231.8734614849691,351.40354886968083,161.4990234375,0.002856964760638298,86.16862060364181,0.2050278087199391,Kick 16.wav,Kick,/content/drive/MyDrive/techno dataset/Berlin underground/Kick/Kick 16.wav,0.11324164742366723
0.027956673875451088,1172.1079333531911,1246.6083064742152,246.09375,0.02017718259529148,86.20000525914433,0.20311575818040942,SFX 1.wav,SFX,/content/drive/MyDrive/techno dataset/Berlin underground/SFX/SFX 1.wav,0.11069756885607898
0.25138044357299805,642.231098355963,1112.9974365234375,109.95678191489361,0.007798215176196809,86.16660560756405,0.2018741833054634, Bassloop_004_110_Am.wav,bass loop,/content/drive/MyDrive/techno dataset/Berlin underground/bass loop/ Bassloop_004_110_Am.wav,0.10904559158659571
0.04661023989319801,1839.982812150044,2914.6851235247673,109.95678191489361,0.050635155211103726,86.16660560756405,0.200915544840848,Synthloop_005_110_Am.wav,Synth loop,/content/drive/MyDrive/techno dataset/Berlin underground/Synth loop/Synthloop_005_110_Am.wav,0.10777007531677284
0.31457215547561646,204.22113728637052,264.3544298537234,123.046875,0.0023582945478723403,86.16862060364181,0.20029768093555994,Kick 4.wav,Kick,/content/drive/MyDrive/techno dataset/Berlin underground/Kick/Kick 4.wav,0.10694797658735515
0.21614286303520203,522.141935085231,818.5337472469249,147.65625,0.01728301352642952,86.16660560756405,0.1962362677247155,Synthloop_002_110_Am.wav,Synth loop,/content/drive/MyDrive/techno dataset/Berlin underground/Synth loop/Synthloop_002_110_Am.wav,0.10154406382970875
0.05704357102513313,1621.5874259027275,2499.9132521609044,120.18531976744185,0.04975793716755319,86.19908090910981,0.19371788180834454,SFX 5.wav,SFX,/content/drive/MyDrive/techno dataset/Berlin underground/SFX/SFX 5.wav,0.09819322581455281
0.1657934933900833,834.6746990131718,1367.2295428336936,126.04801829268293,0.02736647585605053,86.16660560756405,0.18798629857204263,Padloop_014_110_Am.wav,Pad loop,/content/drive/MyDrive/techno dataset/Berlin underground/Pad loop/Padloop_014_110_Am.wav,0.09056706857217649
0.015284188091754913,1767.6986533873978,2445.1134633209745,132.51201923076923,0.049175715042372885,86.53097874887759,0.18756065362053348,Cowbell 1.wav,Percussion,/content/drive/MyDrive/techno dataset/Berlin underground/Percussion/Cowbell 1.wav,0.09000072674378373
0.013934120535850525,1799.563611789292,1986.180277073637,147.65625,0.07078389918550532,86.16660560756405,0.18660901419791143,SFX 8.wav,SFX,/content/drive/MyDrive/techno dataset/Berlin underground/SFX/SFX 8.wav,0.08873452304826827
0.2307867854833603,566.162539844591,852.9238761739527,109.95678191489361,0.005536667844082447,86.16660560756405,0.18558267791844216, Bassloop_013_110_Am.wav,bass loop,/content/drive/MyDrive/techno dataset/Berlin underground/bass loop/ Bassloop_013_110_Am.wav,0.0873689314607267
0.10435187816619873,1336.3697303688643,1797.6502114153923,109.95678191489361,0.0435531291555851,86.16660560756405,0.18278601134106656,Padloop_002_110_Am.wav,Pad loop,/content/drive/MyDrive/techno dataset/Berlin underground/Pad loop/Padloop_002_110_Am.wav,0.0836478271524997
0.02656891569495201,1789.7885940394794,3215.205026180186,72.78829225352112,0.03655940928357713,86.16660560756405,0.1784428852048256,Drumloop_019_PERCUSSION_110.wav,drum loop,/content/drive/MyDrive/techno dataset/Berlin underground/drum loop/Drumloop_019_PERCUSSION_110.wav,0.07786908130289423
0.13293474912643433,932.2487856186809,1521.0974510679853,109.95678191489361,0.03245576899102394,86.16660560756405,0.1735335690900808,Padloop_001_110_Am.wav,Pad loop,/content/drive/MyDrive/techno dataset/Berlin underground/Pad loop/Padloop_001_110_Am.wav,0.07133699145964666
0.20871779322624207,605.7423925742231,1137.0504825673204,87.5926906779661,0.004834114237034575,86.16660560756405,0.17273981200235966, Bassloop_006_110_Am.wav,bass loop,/content/drive/MyDrive/techno dataset/Berlin underground/bass loop/ Bassloop_006_110_Am.wav,0.07028085808189642
0.0650242269039154,1009.9035278582345,1925.9442862817796,132.51201923076923,0.016808461334745763,86.53385659172542,0.16865596839727018,Low Tom 4.wav,Toms,/content/drive/MyDrive/techno dataset/Berlin underground/Toms/Low Tom 4.wav,0.06484710056644596
0.025918863713741302,1235.0342847475954,2017.823647553066,139.6748310810811,0.019185767983490566,86.3731268823562,0.16687521965513324,High Tom 1.wav,Toms,/content/drive/MyDrive/techno dataset/Berlin underground/Toms/High Tom 1.wav,0.06247772558630308
0.011983840726315975,1291.1730984274313,2355.880926724138,132.51201923076923,0.024417429956896552,86.215265137726,0.16658615563142246,Mid Tom 5.wav,Toms,/content/drive/MyDrive/techno dataset/Berlin underground/Toms/Mid Tom 5.wav,0.06209311149154995
0.037965673953294754,1096.0720409446637,1779.9916462725903,147.65625,0.011995246611445784,86.94712337878285,0.1657169290421946,Percussion 1.wav,Percussion,/content/drive/MyDrive/techno dataset/Berlin underground/Percussion/Percussion 1.wav,0.06093656217953417
0.12852545082569122,851.3795635728085,1302.586981590758,109.95678191489361,0.03447479897357048,86.16660560756405,0.16436704455351878,Synthloop_010_110_Am.wav,Synth loop,/content/drive/MyDrive/techno dataset/Berlin underground/Synth loop/Synthloop_010_110_Am.wav,0.05914047356923797
0.04019314795732498,1189.3106171023944,1764.3152573529412,135.99917763157896,0.012519786560457517,86.53380016159439,0.16396230128711808,High Tom 3.wav,Toms,/content/drive/MyDrive/techno dataset/Berlin underground/Toms/High Tom 3.wav,0.05860194247492968
0.1219111979007721,751.2669423954318,1227.8507313829787,107.666015625,0.026424976105385637,86.16660560756405,0.1553270119402971,Padloop_005_110_Am.wav,Pad loop,/content/drive/MyDrive/techno dataset/Berlin underground/Pad loop/Padloop_005_110_Am.wav,0.047112259489053024
0.05666001886129379,725.044940953727,1002.720844314759,166.70866935483872,0.006365304969879518,86.95331987171873,0.15326194439399682,Mid Tom 2.wav,Toms,/content/drive/MyDrive/techno dataset/Berlin underground/Toms/Mid Tom 2.wav,0.044364584165336465
0.09581610560417175,864.6784796255508,1433.246563850565,107.666015625,0.021998628656914893,86.16660560756405,0.15324982431713816,Padloop_016_110_Am.wav,Pad loop,/content/drive/MyDrive/techno dataset/Berlin underground/Pad loop/Padloop_016_110_Am.wav,0.04434845779883298
0.0463058277964592,1214.8233513248856,1592.6552630485373,109.95678191489361,0.028507313829787235,86.16660560756405,0.15090970301168447,Drumloop_001_PERCUSSION_110.wav,drum loop,/content/drive/MyDrive/techno dataset/Berlin underground/drum loop/Drumloop_001_PERCUSSION_110.wav,0.04123480973583471
0.029447363689541817,1008.5751824989027,1567.7490234375,135.99917763157896,0.007565037733843537,86.24740567292854,0.14895508410406505,Mid Tom 1.wav,Toms,/content/drive/MyDrive/techno dataset/Berlin underground/Toms/Mid Tom 1.wav,0.03863409183226899
0.04167937859892845,889.783225543357,780.234998337766,147.65625,0.02213887965425532,86.16682949136336,0.13947144736420258,Percussion 8.wav,Percussion,/content/drive/MyDrive/techno dataset/Berlin underground/Percussion/Percussion 8.wav,0.02601564034582901
0.04179345816373825,618.0800812536005,852.3898142688679,161.4990234375,0.016877948113207548,86.36993514771908,0.13769269431663267,Low Tom 1.wav,Toms,/content/drive/MyDrive/techno dataset/Berlin underground/Toms/Low Tom 1.wav,0.02364892073680234
0.10030905157327652,243.61494085835048,263.6989182692308,139.6748310810811,0.0034930889423076925,86.66535653278106,0.12437057481742392,Low Tom 3.wav,Toms,/content/drive/MyDrive/techno dataset/Berlin underground/Toms/Low Tom 3.wav,0.00592317657256945
0.07808007299900055,768.6975775259799,868.095703125,90.66611842105263,0.004387555803571429,86.35931293011807,0.12275316162985078,High Tom 2.wav,Toms,/content/drive/MyDrive/techno dataset/Berlin underground/Toms/High Tom 2.wav,0.003771127690822019
0.019057346507906914,937.9305262604457,1170.3238629280252,109.95678191489361,0.016215222947140957,86.16660560756405,0.1211802015539368,Drumloop_018_PERCUSSION_110.wav,drum loop,/content/drive/MyDrive/techno dataset/Berlin underground/drum loop/Drumloop_018_PERCUSSION_110.wav,0.0016782258903345218
0.018673529848456383,675.5843550288818,863.8829118114406,139.6748310810811,0.008813890360169491,86.53193800855819,0.11991889902973499,Mid Tom 6.wav,Toms,/content/drive/MyDrive/techno dataset/Berlin underground/Toms/Mid Tom 6.wav,0.0
